/home/exjobb/Desktop/Exjobb/venv/DataCollected/IMG0/Image_1652985525518597.jpg,0.0
/home/exjobb/Desktop/Exjobb/venv/DataCollected/IMG0/Image_165298552554304.jpg,0.0
/home/exjobb/Desktop/Exjobb/venv/DataCollected/IMG0/Image_1652985525550597.jpg,0.0
/home/exjobb/Desktop/Exjobb/venv/DataCollected/IMG0/Image_1652985525558537.jpg,0.0
/home/exjobb/Desktop/Exjobb/venv/DataCollected/IMG0/Image_1652985525567042.jpg,0.0
/home/exjobb/Desktop/Exjobb/venv/DataCollected/IMG0/Image_1652985525588726.jpg,0.0
/home/exjobb/Desktop/Exjobb/venv/DataCollected/IMG0/Image_1652985525627033.jpg,0.0
/home/exjobb/Desktop/Exjobb/venv/DataCollected/IMG0/Image_1652985525660341.jpg,0.0
/home/exjobb/Desktop/Exjobb/venv/DataCollected/IMG0/Image_165298552569302.jpg,0.19
/home/exjobb/Desktop/Exjobb/venv/DataCollected/IMG0/Image_1652985527751034.jpg,1.0
/home/exjobb/Desktop/Exjobb/venv/DataCollected/IMG0/Image_1652985529799049.jpg,1.0
/home/exjobb/Desktop/Exjobb/venv/DataCollected/IMG0/Image_1652985531853873.jpg,1.0
/home/exjobb/Desktop/Exjobb/venv/DataCollected/IMG0/Image_1652985533905995.jpg,1.0
/home/exjobb/Desktop/Exjobb/venv/DataCollected/IMG0/Image_1652985535951606.jpg,1.0
/home/exjobb/Desktop/Exjobb/venv/DataCollected/IMG0/Image_1652985537996758.jpg,1.0
/home/exjobb/Desktop/Exjobb/venv/DataCollected/IMG0/Image_1652985540042168.jpg,1.0
/home/exjobb/Desktop/Exjobb/venv/DataCollected/IMG0/Image_1652985542094664.jpg,0.0
/home/exjobb/Desktop/Exjobb/venv/DataCollected/IMG0/Image_1652985542110408.jpg,0.0
/home/exjobb/Desktop/Exjobb/venv/DataCollected/IMG0/Image_1652985542123868.jpg,0.0
/home/exjobb/Desktop/Exjobb/venv/DataCollected/IMG0/Image_1652985542134454.jpg,0.0
/home/exjobb/Desktop/Exjobb/venv/DataCollected/IMG0/Image_1652985542145281.jpg,0.0
/home/exjobb/Desktop/Exjobb/venv/DataCollected/IMG0/Image_1652985542160832.jpg,0.0
/home/exjobb/Desktop/Exjobb/venv/DataCollected/IMG0/Image_1652985542192631.jpg,0.0
/home/exjobb/Desktop/Exjobb/venv/DataCollected/IMG0/Image_1652985542222416.jpg,0.0
/home/exjobb/Desktop/Exjobb/venv/DataCollected/IMG0/Image_1652985542258717.jpg,0.0
/home/exjobb/Desktop/Exjobb/venv/DataCollected/IMG0/Image_165298554229057.jpg,0.0
/home/exjobb/Desktop/Exjobb/venv/DataCollected/IMG0/Image_1652985542323021.jpg,0.0
/home/exjobb/Desktop/Exjobb/venv/DataCollected/IMG0/Image_1652985542358273.jpg,0.0
/home/exjobb/Desktop/Exjobb/venv/DataCollected/IMG0/Image_1652985542390227.jpg,0.0
/home/exjobb/Desktop/Exjobb/venv/DataCollected/IMG0/Image_165298554301854.jpg,0.0
/home/exjobb/Desktop/Exjobb/venv/DataCollected/IMG0/Image_1652985543035714.jpg,0.0
/home/exjobb/Desktop/Exjobb/venv/DataCollected/IMG0/Image_1652985543049318.jpg,0.0
/home/exjobb/Desktop/Exjobb/venv/DataCollected/IMG0/Image_1652985543062441.jpg,0.0
/home/exjobb/Desktop/Exjobb/venv/DataCollected/IMG0/Image_1652985543075238.jpg,0.0
/home/exjobb/Desktop/Exjobb/venv/DataCollected/IMG0/Image_1652985543094137.jpg,0.0
/home/exjobb/Desktop/Exjobb/venv/DataCollected/IMG0/Image_1652985543125442.jpg,0.0
/home/exjobb/Desktop/Exjobb/venv/DataCollected/IMG0/Image_1652985543154472.jpg,0.0
/home/exjobb/Desktop/Exjobb/venv/DataCollected/IMG0/Image_1652985543190249.jpg,0.0
/home/exjobb/Desktop/Exjobb/venv/DataCollected/IMG0/Image_1652985543222406.jpg,0.0
/home/exjobb/Desktop/Exjobb/venv/DataCollected/IMG0/Image_1652985543258194.jpg,0.0
/home/exjobb/Desktop/Exjobb/venv/DataCollected/IMG0/Image_165298554329025.jpg,0.0
/home/exjobb/Desktop/Exjobb/venv/DataCollected/IMG0/Image_1652985543322283.jpg,0.0
/home/exjobb/Desktop/Exjobb/venv/DataCollected/IMG0/Image_1652985543354536.jpg,0.0
/home/exjobb/Desktop/Exjobb/venv/DataCollected/IMG0/Image_1652985543390551.jpg,0.0
/home/exjobb/Desktop/Exjobb/venv/DataCollected/IMG0/Image_1652985543422485.jpg,0.0
/home/exjobb/Desktop/Exjobb/venv/DataCollected/IMG0/Image_1652985543458366.jpg,0.0
/home/exjobb/Desktop/Exjobb/venv/DataCollected/IMG0/Image_1652985543490613.jpg,0.0
/home/exjobb/Desktop/Exjobb/venv/DataCollected/IMG0/Image_1652985543522933.jpg,0.0
/home/exjobb/Desktop/Exjobb/venv/DataCollected/IMG0/Image_1652985543554735.jpg,0.0
/home/exjobb/Desktop/Exjobb/venv/DataCollected/IMG0/Image_1652985543591182.jpg,0.0
/home/exjobb/Desktop/Exjobb/venv/DataCollected/IMG0/Image_1652985543622784.jpg,0.0
/home/exjobb/Desktop/Exjobb/venv/DataCollected/IMG0/Image_1652985543658526.jpg,0.0
/home/exjobb/Desktop/Exjobb/venv/DataCollected/IMG0/Image_165298554369042.jpg,0.0
/home/exjobb/Desktop/Exjobb/venv/DataCollected/IMG0/Image_1652985543722421.jpg,0.0
/home/exjobb/Desktop/Exjobb/venv/DataCollected/IMG0/Image_1652985543754778.jpg,0.0
/home/exjobb/Desktop/Exjobb/venv/DataCollected/IMG0/Image_1652985543790521.jpg,0.0
/home/exjobb/Desktop/Exjobb/venv/DataCollected/IMG0/Image_1652985543822612.jpg,0.0
/home/exjobb/Desktop/Exjobb/venv/DataCollected/IMG0/Image_1652985543863069.jpg,0.0
/home/exjobb/Desktop/Exjobb/venv/DataCollected/IMG0/Image_1652985543895422.jpg,0.0
/home/exjobb/Desktop/Exjobb/venv/DataCollected/IMG0/Image_1652985543926666.jpg,0.0
/home/exjobb/Desktop/Exjobb/venv/DataCollected/IMG0/Image_1652985543957444.jpg,0.0
/home/exjobb/Desktop/Exjobb/venv/DataCollected/IMG0/Image_1652985543992629.jpg,0.0
/home/exjobb/Desktop/Exjobb/venv/DataCollected/IMG0/Image_165298554402571.jpg,0.0
/home/exjobb/Desktop/Exjobb/venv/DataCollected/IMG0/Image_1652985544062772.jpg,0.0
/home/exjobb/Desktop/Exjobb/venv/DataCollected/IMG0/Image_165298554409414.jpg,0.0
/home/exjobb/Desktop/Exjobb/venv/DataCollected/IMG0/Image_1652985544125896.jpg,0.0
/home/exjobb/Desktop/Exjobb/venv/DataCollected/IMG0/Image_1652985544156889.jpg,0.0
/home/exjobb/Desktop/Exjobb/venv/DataCollected/IMG0/Image_1652985544193718.jpg,0.0
/home/exjobb/Desktop/Exjobb/venv/DataCollected/IMG0/Image_1652985544225698.jpg,0.0
/home/exjobb/Desktop/Exjobb/venv/DataCollected/IMG0/Image_1652985544261002.jpg,0.0
/home/exjobb/Desktop/Exjobb/venv/DataCollected/IMG0/Image_1652985544292824.jpg,0.0
/home/exjobb/Desktop/Exjobb/venv/DataCollected/IMG0/Image_165298554432514.jpg,0.0
/home/exjobb/Desktop/Exjobb/venv/DataCollected/IMG0/Image_1652985544358088.jpg,0.0
/home/exjobb/Desktop/Exjobb/venv/DataCollected/IMG0/Image_1652985544393144.jpg,0.0
/home/exjobb/Desktop/Exjobb/venv/DataCollected/IMG0/Image_1652985544424947.jpg,0.0
/home/exjobb/Desktop/Exjobb/venv/DataCollected/IMG0/Image_165298554445719.jpg,0.0
/home/exjobb/Desktop/Exjobb/venv/DataCollected/IMG0/Image_1652985544493857.jpg,0.0
/home/exjobb/Desktop/Exjobb/venv/DataCollected/IMG0/Image_1652985544525635.jpg,0.0
/home/exjobb/Desktop/Exjobb/venv/DataCollected/IMG0/Image_1652985544557774.jpg,0.0
/home/exjobb/Desktop/Exjobb/venv/DataCollected/IMG0/Image_1652985545186243.jpg,0.0
/home/exjobb/Desktop/Exjobb/venv/DataCollected/IMG0/Image_165298554520245.jpg,0.0
/home/exjobb/Desktop/Exjobb/venv/DataCollected/IMG0/Image_1652985545218425.jpg,0.0
/home/exjobb/Desktop/Exjobb/venv/DataCollected/IMG0/Image_1652985545234224.jpg,0.0
/home/exjobb/Desktop/Exjobb/venv/DataCollected/IMG0/Image_1652985545242076.jpg,0.0
/home/exjobb/Desktop/Exjobb/venv/DataCollected/IMG0/Image_165298554525556.jpg,0.0
/home/exjobb/Desktop/Exjobb/venv/DataCollected/IMG0/Image_1652985545291379.jpg,0.0
/home/exjobb/Desktop/Exjobb/venv/DataCollected/IMG0/Image_1652985545322787.jpg,0.0
/home/exjobb/Desktop/Exjobb/venv/DataCollected/IMG0/Image_1652985545354911.jpg,0.0
/home/exjobb/Desktop/Exjobb/venv/DataCollected/IMG0/Image_1652985545391379.jpg,0.0
/home/exjobb/Desktop/Exjobb/venv/DataCollected/IMG0/Image_1652985545423242.jpg,0.0
/home/exjobb/Desktop/Exjobb/venv/DataCollected/IMG0/Image_1652985545455305.jpg,0.0
/home/exjobb/Desktop/Exjobb/venv/DataCollected/IMG0/Image_1652985545490826.jpg,0.0
/home/exjobb/Desktop/Exjobb/venv/DataCollected/IMG0/Image_1652985545523245.jpg,0.0
/home/exjobb/Desktop/Exjobb/venv/DataCollected/IMG0/Image_1652985545555617.jpg,0.0
/home/exjobb/Desktop/Exjobb/venv/DataCollected/IMG0/Image_1652985545590924.jpg,0.0
/home/exjobb/Desktop/Exjobb/venv/DataCollected/IMG0/Image_1652985545622959.jpg,0.0
/home/exjobb/Desktop/Exjobb/venv/DataCollected/IMG0/Image_165298554565505.jpg,0.0
/home/exjobb/Desktop/Exjobb/venv/DataCollected/IMG0/Image_1652985545691322.jpg,0.0
/home/exjobb/Desktop/Exjobb/venv/DataCollected/IMG0/Image_165298554572344.jpg,0.0
/home/exjobb/Desktop/Exjobb/venv/DataCollected/IMG0/Image_1652985545755508.jpg,0.0
/home/exjobb/Desktop/Exjobb/venv/DataCollected/IMG0/Image_1652985545790911.jpg,0.0
/home/exjobb/Desktop/Exjobb/venv/DataCollected/IMG0/Image_1652985545822856.jpg,0.0
/home/exjobb/Desktop/Exjobb/venv/DataCollected/IMG0/Image_1652985545855507.jpg,0.0
/home/exjobb/Desktop/Exjobb/venv/DataCollected/IMG0/Image_1652985545890988.jpg,0.0
/home/exjobb/Desktop/Exjobb/venv/DataCollected/IMG0/Image_1652985545922889.jpg,0.0
/home/exjobb/Desktop/Exjobb/venv/DataCollected/IMG0/Image_1652985545958051.jpg,0.0
/home/exjobb/Desktop/Exjobb/venv/DataCollected/IMG0/Image_1652985545994994.jpg,0.0
/home/exjobb/Desktop/Exjobb/venv/DataCollected/IMG0/Image_1652985546027129.jpg,0.0
/home/exjobb/Desktop/Exjobb/venv/DataCollected/IMG0/Image_1652985546057811.jpg,0.0
/home/exjobb/Desktop/Exjobb/venv/DataCollected/IMG0/Image_1652985546093092.jpg,0.0
/home/exjobb/Desktop/Exjobb/venv/DataCollected/IMG0/Image_1652985546126281.jpg,0.0
/home/exjobb/Desktop/Exjobb/venv/DataCollected/IMG0/Image_1652985546157997.jpg,0.0
/home/exjobb/Desktop/Exjobb/venv/DataCollected/IMG0/Image_1652985546193487.jpg,0.0
/home/exjobb/Desktop/Exjobb/venv/DataCollected/IMG0/Image_165298554622522.jpg,0.0
/home/exjobb/Desktop/Exjobb/venv/DataCollected/IMG0/Image_1652985546257568.jpg,0.0
/home/exjobb/Desktop/Exjobb/venv/DataCollected/IMG0/Image_1652985546293996.jpg,0.0
/home/exjobb/Desktop/Exjobb/venv/DataCollected/IMG0/Image_1652985546325877.jpg,0.0
/home/exjobb/Desktop/Exjobb/venv/DataCollected/IMG0/Image_1652985546357756.jpg,0.0
/home/exjobb/Desktop/Exjobb/venv/DataCollected/IMG0/Image_1652985546393151.jpg,0.0
/home/exjobb/Desktop/Exjobb/venv/DataCollected/IMG0/Image_1652985546425984.jpg,0.0
/home/exjobb/Desktop/Exjobb/venv/DataCollected/IMG0/Image_1652985546458056.jpg,0.0
/home/exjobb/Desktop/Exjobb/venv/DataCollected/IMG0/Image_1652985546493194.jpg,0.0
/home/exjobb/Desktop/Exjobb/venv/DataCollected/IMG0/Image_1652985547122686.jpg,0.0
/home/exjobb/Desktop/Exjobb/venv/DataCollected/IMG0/Image_1652985547138802.jpg,0.0
/home/exjobb/Desktop/Exjobb/venv/DataCollected/IMG0/Image_1652985547152137.jpg,0.0
/home/exjobb/Desktop/Exjobb/venv/DataCollected/IMG0/Image_1652985547164424.jpg,0.0
/home/exjobb/Desktop/Exjobb/venv/DataCollected/IMG0/Image_1652985547176868.jpg,0.0
/home/exjobb/Desktop/Exjobb/venv/DataCollected/IMG0/Image_1652985547194942.jpg,0.0
/home/exjobb/Desktop/Exjobb/venv/DataCollected/IMG0/Image_165298554722669.jpg,0.0
/home/exjobb/Desktop/Exjobb/venv/DataCollected/IMG0/Image_1652985547255189.jpg,0.0
/home/exjobb/Desktop/Exjobb/venv/DataCollected/IMG0/Image_1652985547291154.jpg,0.0
/home/exjobb/Desktop/Exjobb/venv/DataCollected/IMG0/Image_1652985547323107.jpg,0.0
/home/exjobb/Desktop/Exjobb/venv/DataCollected/IMG0/Image_165298554735553.jpg,0.0
/home/exjobb/Desktop/Exjobb/venv/DataCollected/IMG0/Image_1652985547391157.jpg,0.0
/home/exjobb/Desktop/Exjobb/venv/DataCollected/IMG0/Image_1652985547423053.jpg,0.0
/home/exjobb/Desktop/Exjobb/venv/DataCollected/IMG0/Image_165298554745525.jpg,0.0
/home/exjobb/Desktop/Exjobb/venv/DataCollected/IMG0/Image_1652985547491611.jpg,0.0
/home/exjobb/Desktop/Exjobb/venv/DataCollected/IMG0/Image_1652985548112526.jpg,0.0
/home/exjobb/Desktop/Exjobb/venv/DataCollected/IMG0/Image_1652985548128154.jpg,0.0
/home/exjobb/Desktop/Exjobb/venv/DataCollected/IMG0/Image_1652985548144269.jpg,0.0
/home/exjobb/Desktop/Exjobb/venv/DataCollected/IMG0/Image_1652985548155005.jpg,0.0
/home/exjobb/Desktop/Exjobb/venv/DataCollected/IMG0/Image_1652985548162792.jpg,0.0
/home/exjobb/Desktop/Exjobb/venv/DataCollected/IMG0/Image_1652985548191207.jpg,0.0
/home/exjobb/Desktop/Exjobb/venv/DataCollected/IMG0/Image_1652985548223734.jpg,0.0
/home/exjobb/Desktop/Exjobb/venv/DataCollected/IMG0/Image_1652985548838523.jpg,0.0
/home/exjobb/Desktop/Exjobb/venv/DataCollected/IMG0/Image_1652985549681253.jpg,0.0
/home/exjobb/Desktop/Exjobb/venv/DataCollected/IMG0/Image_1652985549692.jpg,0.0
/home/exjobb/Desktop/Exjobb/venv/DataCollected/IMG0/Image_1652985549702344.jpg,0.0
/home/exjobb/Desktop/Exjobb/venv/DataCollected/IMG0/Image_1652985549710138.jpg,0.0
/home/exjobb/Desktop/Exjobb/venv/DataCollected/IMG0/Image_1652985549723956.jpg,0.0
/home/exjobb/Desktop/Exjobb/venv/DataCollected/IMG0/Image_1652985549755868.jpg,0.0
/home/exjobb/Desktop/Exjobb/venv/DataCollected/IMG0/Image_1652985549791504.jpg,0.0
/home/exjobb/Desktop/Exjobb/venv/DataCollected/IMG0/Image_1652985549824079.jpg,0.0
/home/exjobb/Desktop/Exjobb/venv/DataCollected/IMG0/Image_1652985549855646.jpg,0.0
/home/exjobb/Desktop/Exjobb/venv/DataCollected/IMG0/Image_1652985549892029.jpg,0.0
/home/exjobb/Desktop/Exjobb/venv/DataCollected/IMG0/Image_1652985549923755.jpg,0.0
/home/exjobb/Desktop/Exjobb/venv/DataCollected/IMG0/Image_1652985549955514.jpg,0.0
/home/exjobb/Desktop/Exjobb/venv/DataCollected/IMG0/Image_1652985549996331.jpg,0.0
/home/exjobb/Desktop/Exjobb/venv/DataCollected/IMG0/Image_1652985550029051.jpg,0.0
/home/exjobb/Desktop/Exjobb/venv/DataCollected/IMG0/Image_1652985550060467.jpg,0.0
/home/exjobb/Desktop/Exjobb/venv/DataCollected/IMG0/Image_1652985550094037.jpg,0.0
/home/exjobb/Desktop/Exjobb/venv/DataCollected/IMG0/Image_1652985550126189.jpg,0.0
/home/exjobb/Desktop/Exjobb/venv/DataCollected/IMG0/Image_1652985550158492.jpg,0.0
/home/exjobb/Desktop/Exjobb/venv/DataCollected/IMG0/Image_165298555019414.jpg,0.0
/home/exjobb/Desktop/Exjobb/venv/DataCollected/IMG0/Image_1652985550225786.jpg,0.0
/home/exjobb/Desktop/Exjobb/venv/DataCollected/IMG0/Image_1652985550257733.jpg,0.0
/home/exjobb/Desktop/Exjobb/venv/DataCollected/IMG0/Image_1652985550294751.jpg,0.0
/home/exjobb/Desktop/Exjobb/venv/DataCollected/IMG0/Image_1652985550326502.jpg,0.0
/home/exjobb/Desktop/Exjobb/venv/DataCollected/IMG0/Image_1652985550358647.jpg,0.0
/home/exjobb/Desktop/Exjobb/venv/DataCollected/IMG0/Image_1652985550394334.jpg,0.0
/home/exjobb/Desktop/Exjobb/venv/DataCollected/IMG0/Image_16529855504259.jpg,0.0
/home/exjobb/Desktop/Exjobb/venv/DataCollected/IMG0/Image_1652985550458573.jpg,0.0
/home/exjobb/Desktop/Exjobb/venv/DataCollected/IMG0/Image_1652985550494258.jpg,0.0
/home/exjobb/Desktop/Exjobb/venv/DataCollected/IMG0/Image_1652985550525903.jpg,0.0
/home/exjobb/Desktop/Exjobb/venv/DataCollected/IMG0/Image_1652985550558216.jpg,0.0
/home/exjobb/Desktop/Exjobb/venv/DataCollected/IMG0/Image_1652985550594783.jpg,0.0
/home/exjobb/Desktop/Exjobb/venv/DataCollected/IMG0/Image_1652985550626715.jpg,0.0
/home/exjobb/Desktop/Exjobb/venv/DataCollected/IMG0/Image_1652985550658634.jpg,0.0
/home/exjobb/Desktop/Exjobb/venv/DataCollected/IMG0/Image_1652985550694172.jpg,0.0
/home/exjobb/Desktop/Exjobb/venv/DataCollected/IMG0/Image_1652985550726953.jpg,0.0
/home/exjobb/Desktop/Exjobb/venv/DataCollected/IMG0/Image_1652985550758828.jpg,0.0
/home/exjobb/Desktop/Exjobb/venv/DataCollected/IMG0/Image_1652985550794547.jpg,0.0
/home/exjobb/Desktop/Exjobb/venv/DataCollected/IMG0/Image_1652985550825825.jpg,0.0
/home/exjobb/Desktop/Exjobb/venv/DataCollected/IMG0/Image_1652985550857845.jpg,0.0
/home/exjobb/Desktop/Exjobb/venv/DataCollected/IMG0/Image_1652985550894561.jpg,0.0
/home/exjobb/Desktop/Exjobb/venv/DataCollected/IMG0/Image_1652985550926647.jpg,0.0
/home/exjobb/Desktop/Exjobb/venv/DataCollected/IMG0/Image_1652985550958383.jpg,0.0
/home/exjobb/Desktop/Exjobb/venv/DataCollected/IMG0/Image_1652985550994853.jpg,0.0
/home/exjobb/Desktop/Exjobb/venv/DataCollected/IMG0/Image_1652985551027605.jpg,0.0
/home/exjobb/Desktop/Exjobb/venv/DataCollected/IMG0/Image_1652985551059336.jpg,0.0
/home/exjobb/Desktop/Exjobb/venv/DataCollected/IMG0/Image_1652985551094306.jpg,0.0
/home/exjobb/Desktop/Exjobb/venv/DataCollected/IMG0/Image_1652985551125976.jpg,0.0
/home/exjobb/Desktop/Exjobb/venv/DataCollected/IMG0/Image_165298555115787.jpg,0.0
/home/exjobb/Desktop/Exjobb/venv/DataCollected/IMG0/Image_1652985551194752.jpg,0.0
/home/exjobb/Desktop/Exjobb/venv/DataCollected/IMG0/Image_1652985551226802.jpg,0.0
/home/exjobb/Desktop/Exjobb/venv/DataCollected/IMG0/Image_1652985551257919.jpg,0.0
/home/exjobb/Desktop/Exjobb/venv/DataCollected/IMG0/Image_1652985551294862.jpg,0.0
/home/exjobb/Desktop/Exjobb/venv/DataCollected/IMG0/Image_165298555192041.jpg,0.0
/home/exjobb/Desktop/Exjobb/venv/DataCollected/IMG0/Image_1652985551928616.jpg,0.0
/home/exjobb/Desktop/Exjobb/venv/DataCollected/IMG0/Image_165298555193598.jpg,0.0
/home/exjobb/Desktop/Exjobb/venv/DataCollected/IMG0/Image_1652985551943975.jpg,0.0
/home/exjobb/Desktop/Exjobb/venv/DataCollected/IMG0/Image_165298555195613.jpg,0.0
/home/exjobb/Desktop/Exjobb/venv/DataCollected/IMG0/Image_1652985551991769.jpg,0.0
/home/exjobb/Desktop/Exjobb/venv/DataCollected/IMG0/Image_1652985552023886.jpg,0.0
/home/exjobb/Desktop/Exjobb/venv/DataCollected/IMG0/Image_1652985552055702.jpg,0.0
/home/exjobb/Desktop/Exjobb/venv/DataCollected/IMG0/Image_1652985552092218.jpg,0.0
/home/exjobb/Desktop/Exjobb/venv/DataCollected/IMG0/Image_1652985552124316.jpg,0.0
/home/exjobb/Desktop/Exjobb/venv/DataCollected/IMG0/Image_1652985552155931.jpg,0.0
/home/exjobb/Desktop/Exjobb/venv/DataCollected/IMG0/Image_1652985552191855.jpg,0.0
/home/exjobb/Desktop/Exjobb/venv/DataCollected/IMG0/Image_1652985552223849.jpg,0.0
/home/exjobb/Desktop/Exjobb/venv/DataCollected/IMG0/Image_1652985552256438.jpg,0.0
/home/exjobb/Desktop/Exjobb/venv/DataCollected/IMG0/Image_1652985552291823.jpg,0.0
/home/exjobb/Desktop/Exjobb/venv/DataCollected/IMG0/Image_1652985648448714.jpg,0.0
/home/exjobb/Desktop/Exjobb/venv/DataCollected/IMG0/Image_1652985648456234.jpg,0.0
/home/exjobb/Desktop/Exjobb/venv/DataCollected/IMG0/Image_1652985648463563.jpg,0.0
/home/exjobb/Desktop/Exjobb/venv/DataCollected/IMG0/Image_1652985648471228.jpg,0.0
/home/exjobb/Desktop/Exjobb/venv/DataCollected/IMG0/Image_1652985648501984.jpg,0.0
/home/exjobb/Desktop/Exjobb/venv/DataCollected/IMG0/Image_1652985648534044.jpg,0.0
/home/exjobb/Desktop/Exjobb/venv/DataCollected/IMG0/Image_1652985648566305.jpg,0.0
/home/exjobb/Desktop/Exjobb/venv/DataCollected/IMG0/Image_1652985648597803.jpg,0.0
/home/exjobb/Desktop/Exjobb/venv/DataCollected/IMG0/Image_1652985648636014.jpg,0.0
/home/exjobb/Desktop/Exjobb/venv/DataCollected/IMG0/Image_1652985648668134.jpg,0.0
/home/exjobb/Desktop/Exjobb/venv/DataCollected/IMG0/Image_1652985648703934.jpg,-0.11
/home/exjobb/Desktop/Exjobb/venv/DataCollected/IMG0/Image_165298565074821.jpg,-0.11
/home/exjobb/Desktop/Exjobb/venv/DataCollected/IMG0/Image_1652985652794235.jpg,-0.11
/home/exjobb/Desktop/Exjobb/venv/DataCollected/IMG0/Image_1652985654840697.jpg,-0.11
/home/exjobb/Desktop/Exjobb/venv/DataCollected/IMG0/Image_165298565688917.jpg,-0.11
/home/exjobb/Desktop/Exjobb/venv/DataCollected/IMG0/Image_165298565894167.jpg,-0.11
/home/exjobb/Desktop/Exjobb/venv/DataCollected/IMG0/Image_1652985660999276.jpg,-0.11
/home/exjobb/Desktop/Exjobb/venv/DataCollected/IMG0/Image_1652985663058867.jpg,-0.11
/home/exjobb/Desktop/Exjobb/venv/DataCollected/IMG0/Image_1652985665117746.jpg,-0.11
/home/exjobb/Desktop/Exjobb/venv/DataCollected/IMG0/Image_1652985667177489.jpg,-0.11
/home/exjobb/Desktop/Exjobb/venv/DataCollected/IMG0/Image_1652985669231978.jpg,-0.11
/home/exjobb/Desktop/Exjobb/venv/DataCollected/IMG0/Image_1652985671289887.jpg,-0.11
/home/exjobb/Desktop/Exjobb/venv/DataCollected/IMG0/Image_165298567334758.jpg,0.0
/home/exjobb/Desktop/Exjobb/venv/DataCollected/IMG0/Image_1652985673363093.jpg,0.0
/home/exjobb/Desktop/Exjobb/venv/DataCollected/IMG0/Image_1652985673381654.jpg,0.0
/home/exjobb/Desktop/Exjobb/venv/DataCollected/IMG0/Image_1652985673397318.jpg,0.0
/home/exjobb/Desktop/Exjobb/venv/DataCollected/IMG0/Image_1652985673412716.jpg,0.0
/home/exjobb/Desktop/Exjobb/venv/DataCollected/IMG0/Image_1652985673434031.jpg,0.0
/home/exjobb/Desktop/Exjobb/venv/DataCollected/IMG0/Image_1652985673465583.jpg,0.0
/home/exjobb/Desktop/Exjobb/venv/DataCollected/IMG0/Image_1652985673501306.jpg,0.0
/home/exjobb/Desktop/Exjobb/venv/DataCollected/IMG0/Image_1652985673533698.jpg,0.0
/home/exjobb/Desktop/Exjobb/venv/DataCollected/IMG0/Image_1652985673565487.jpg,0.0
/home/exjobb/Desktop/Exjobb/venv/DataCollected/IMG0/Image_165298567360136.jpg,0.0
/home/exjobb/Desktop/Exjobb/venv/DataCollected/IMG0/Image_1652985673633504.jpg,0.0
/home/exjobb/Desktop/Exjobb/venv/DataCollected/IMG0/Image_1652985673665555.jpg,0.0
/home/exjobb/Desktop/Exjobb/venv/DataCollected/IMG0/Image_1652985673701352.jpg,0.0
/home/exjobb/Desktop/Exjobb/venv/DataCollected/IMG0/Image_1652985673733456.jpg,0.0
/home/exjobb/Desktop/Exjobb/venv/DataCollected/IMG0/Image_1652985673765445.jpg,0.0
/home/exjobb/Desktop/Exjobb/venv/DataCollected/IMG0/Image_1652985673801496.jpg,0.0
/home/exjobb/Desktop/Exjobb/venv/DataCollected/IMG0/Image_1652985673833956.jpg,0.0
/home/exjobb/Desktop/Exjobb/venv/DataCollected/IMG0/Image_1652985673865759.jpg,0.0
/home/exjobb/Desktop/Exjobb/venv/DataCollected/IMG0/Image_1652985673901697.jpg,0.0
/home/exjobb/Desktop/Exjobb/venv/DataCollected/IMG0/Image_1652985673933458.jpg,0.0
/home/exjobb/Desktop/Exjobb/venv/DataCollected/IMG0/Image_1652985673965528.jpg,0.0
/home/exjobb/Desktop/Exjobb/venv/DataCollected/IMG0/Image_1652985674001748.jpg,0.0
/home/exjobb/Desktop/Exjobb/venv/DataCollected/IMG0/Image_1652985674033924.jpg,0.0
/home/exjobb/Desktop/Exjobb/venv/DataCollected/IMG0/Image_1652985674065966.jpg,0.0
/home/exjobb/Desktop/Exjobb/venv/DataCollected/IMG0/Image_1652985674101913.jpg,0.0
/home/exjobb/Desktop/Exjobb/venv/DataCollected/IMG0/Image_1652985674138093.jpg,0.0
/home/exjobb/Desktop/Exjobb/venv/DataCollected/IMG0/Image_1652985674170029.jpg,0.0
/home/exjobb/Desktop/Exjobb/venv/DataCollected/IMG0/Image_165298567420612.jpg,0.0
/home/exjobb/Desktop/Exjobb/venv/DataCollected/IMG0/Image_1652985674236427.jpg,0.0
/home/exjobb/Desktop/Exjobb/venv/DataCollected/IMG0/Image_165298567426783.jpg,0.0
/home/exjobb/Desktop/Exjobb/venv/DataCollected/IMG0/Image_1652985674303696.jpg,0.0
/home/exjobb/Desktop/Exjobb/venv/DataCollected/IMG0/Image_1652985674336696.jpg,0.0
/home/exjobb/Desktop/Exjobb/venv/DataCollected/IMG0/Image_1652985674368825.jpg,0.0
/home/exjobb/Desktop/Exjobb/venv/DataCollected/IMG0/Image_1652985674405319.jpg,0.0
/home/exjobb/Desktop/Exjobb/venv/DataCollected/IMG0/Image_1652985674436922.jpg,0.0
/home/exjobb/Desktop/Exjobb/venv/DataCollected/IMG0/Image_1652985674468785.jpg,0.0
/home/exjobb/Desktop/Exjobb/venv/DataCollected/IMG0/Image_165298567450481.jpg,0.0
/home/exjobb/Desktop/Exjobb/venv/DataCollected/IMG0/Image_1652985674537002.jpg,0.0
/home/exjobb/Desktop/Exjobb/venv/DataCollected/IMG0/Image_1652985674568686.jpg,0.0
/home/exjobb/Desktop/Exjobb/venv/DataCollected/IMG0/Image_1652985674604785.jpg,0.0
/home/exjobb/Desktop/Exjobb/venv/DataCollected/IMG0/Image_1652985674636835.jpg,0.0
/home/exjobb/Desktop/Exjobb/venv/DataCollected/IMG0/Image_1652985674668826.jpg,0.0
/home/exjobb/Desktop/Exjobb/venv/DataCollected/IMG0/Image_1652985674705153.jpg,0.0
/home/exjobb/Desktop/Exjobb/venv/DataCollected/IMG0/Image_1652985674736829.jpg,0.0
/home/exjobb/Desktop/Exjobb/venv/DataCollected/IMG0/Image_1652985674768833.jpg,0.0
/home/exjobb/Desktop/Exjobb/venv/DataCollected/IMG0/Image_165298567480489.jpg,0.0
/home/exjobb/Desktop/Exjobb/venv/DataCollected/IMG0/Image_1652985674836886.jpg,0.0
/home/exjobb/Desktop/Exjobb/venv/DataCollected/IMG0/Image_1652985674868806.jpg,0.0
/home/exjobb/Desktop/Exjobb/venv/DataCollected/IMG0/Image_1652985674904901.jpg,0.0
/home/exjobb/Desktop/Exjobb/venv/DataCollected/IMG0/Image_1652985674936902.jpg,0.0
/home/exjobb/Desktop/Exjobb/venv/DataCollected/IMG0/Image_1652985674968884.jpg,0.0
/home/exjobb/Desktop/Exjobb/venv/DataCollected/IMG0/Image_1652985675005073.jpg,0.0
/home/exjobb/Desktop/Exjobb/venv/DataCollected/IMG0/Image_1652985675036993.jpg,0.0
/home/exjobb/Desktop/Exjobb/venv/DataCollected/IMG0/Image_1652985675068893.jpg,0.0
/home/exjobb/Desktop/Exjobb/venv/DataCollected/IMG0/Image_1652985675104943.jpg,0.0
/home/exjobb/Desktop/Exjobb/venv/DataCollected/IMG0/Image_1652985675136884.jpg,0.0
/home/exjobb/Desktop/Exjobb/venv/DataCollected/IMG0/Image_1652985675170371.jpg,0.0
/home/exjobb/Desktop/Exjobb/venv/DataCollected/IMG0/Image_165298567520527.jpg,0.0
/home/exjobb/Desktop/Exjobb/venv/DataCollected/IMG0/Image_1652985675237448.jpg,0.0
/home/exjobb/Desktop/Exjobb/venv/DataCollected/IMG0/Image_165298567526913.jpg,0.0
/home/exjobb/Desktop/Exjobb/venv/DataCollected/IMG0/Image_1652985675304594.jpg,0.0
/home/exjobb/Desktop/Exjobb/venv/DataCollected/IMG0/Image_1652985675336537.jpg,0.0
/home/exjobb/Desktop/Exjobb/venv/DataCollected/IMG0/Image_1652985675368629.jpg,0.0
/home/exjobb/Desktop/Exjobb/venv/DataCollected/IMG0/Image_1652985675405433.jpg,0.0
/home/exjobb/Desktop/Exjobb/venv/DataCollected/IMG0/Image_1652985675437375.jpg,0.0
/home/exjobb/Desktop/Exjobb/venv/DataCollected/IMG0/Image_1652985675469196.jpg,0.0
/home/exjobb/Desktop/Exjobb/venv/DataCollected/IMG0/Image_1652985675504674.jpg,0.0
/home/exjobb/Desktop/Exjobb/venv/DataCollected/IMG0/Image_1652985675537505.jpg,0.0
/home/exjobb/Desktop/Exjobb/venv/DataCollected/IMG0/Image_1652985675569255.jpg,0.0
/home/exjobb/Desktop/Exjobb/venv/DataCollected/IMG0/Image_1652985675604979.jpg,0.0
/home/exjobb/Desktop/Exjobb/venv/DataCollected/IMG0/Image_1652985675636693.jpg,0.0
/home/exjobb/Desktop/Exjobb/venv/DataCollected/IMG0/Image_1652985675668628.jpg,0.0
/home/exjobb/Desktop/Exjobb/venv/DataCollected/IMG0/Image_1652985675705239.jpg,0.0
/home/exjobb/Desktop/Exjobb/venv/DataCollected/IMG0/Image_165298567573734.jpg,0.0
/home/exjobb/Desktop/Exjobb/venv/DataCollected/IMG0/Image_1652985675768381.jpg,0.0
/home/exjobb/Desktop/Exjobb/venv/DataCollected/IMG0/Image_1652985675803956.jpg,0.0
/home/exjobb/Desktop/Exjobb/venv/DataCollected/IMG0/Image_1652985675836758.jpg,0.0
/home/exjobb/Desktop/Exjobb/venv/DataCollected/IMG0/Image_1652985675868973.jpg,0.0
/home/exjobb/Desktop/Exjobb/venv/DataCollected/IMG0/Image_1652985675904952.jpg,0.0
/home/exjobb/Desktop/Exjobb/venv/DataCollected/IMG0/Image_1652985675936948.jpg,0.0
/home/exjobb/Desktop/Exjobb/venv/DataCollected/IMG0/Image_1652985675968855.jpg,0.0
/home/exjobb/Desktop/Exjobb/venv/DataCollected/IMG0/Image_1652985676004554.jpg,0.0
/home/exjobb/Desktop/Exjobb/venv/DataCollected/IMG0/Image_1652985676036556.jpg,0.0
/home/exjobb/Desktop/Exjobb/venv/DataCollected/IMG0/Image_1652985676069168.jpg,0.0
/home/exjobb/Desktop/Exjobb/venv/DataCollected/IMG0/Image_1652985676104614.jpg,0.0
/home/exjobb/Desktop/Exjobb/venv/DataCollected/IMG0/Image_1652985676136599.jpg,0.0
/home/exjobb/Desktop/Exjobb/venv/DataCollected/IMG0/Image_1652985676169008.jpg,0.0
/home/exjobb/Desktop/Exjobb/venv/DataCollected/IMG0/Image_1652985676205026.jpg,0.0
/home/exjobb/Desktop/Exjobb/venv/DataCollected/IMG0/Image_1652985676237059.jpg,0.0
/home/exjobb/Desktop/Exjobb/venv/DataCollected/IMG0/Image_1652985676269057.jpg,0.0
/home/exjobb/Desktop/Exjobb/venv/DataCollected/IMG0/Image_1652985676304654.jpg,0.0
/home/exjobb/Desktop/Exjobb/venv/DataCollected/IMG0/Image_1652985676336672.jpg,0.0
/home/exjobb/Desktop/Exjobb/venv/DataCollected/IMG0/Image_1652985676368837.jpg,0.0
/home/exjobb/Desktop/Exjobb/venv/DataCollected/IMG0/Image_1652985677000191.jpg,0.0
/home/exjobb/Desktop/Exjobb/venv/DataCollected/IMG0/Image_1652985677014829.jpg,0.0
/home/exjobb/Desktop/Exjobb/venv/DataCollected/IMG0/Image_1652985677028841.jpg,0.0
/home/exjobb/Desktop/Exjobb/venv/DataCollected/IMG0/Image_1652985677040365.jpg,0.0
/home/exjobb/Desktop/Exjobb/venv/DataCollected/IMG0/Image_1652985677050422.jpg,0.0
/home/exjobb/Desktop/Exjobb/venv/DataCollected/IMG0/Image_1652985677068015.jpg,0.0
/home/exjobb/Desktop/Exjobb/venv/DataCollected/IMG0/Image_1652985677103897.jpg,0.0
/home/exjobb/Desktop/Exjobb/venv/DataCollected/IMG0/Image_1652985677135966.jpg,0.0
/home/exjobb/Desktop/Exjobb/venv/DataCollected/IMG0/Image_1652985677167949.jpg,0.0
/home/exjobb/Desktop/Exjobb/venv/DataCollected/IMG0/Image_1652985677203993.jpg,0.0
/home/exjobb/Desktop/Exjobb/venv/DataCollected/IMG0/Image_1652985677236157.jpg,0.0
/home/exjobb/Desktop/Exjobb/venv/DataCollected/IMG0/Image_1652985677269818.jpg,0.0
/home/exjobb/Desktop/Exjobb/venv/DataCollected/IMG0/Image_1652985677304773.jpg,0.0
/home/exjobb/Desktop/Exjobb/venv/DataCollected/IMG0/Image_165298567733688.jpg,0.0
/home/exjobb/Desktop/Exjobb/venv/DataCollected/IMG0/Image_1652985677368854.jpg,0.0
/home/exjobb/Desktop/Exjobb/venv/DataCollected/IMG0/Image_1652985677404733.jpg,0.0
/home/exjobb/Desktop/Exjobb/venv/DataCollected/IMG0/Image_1652985677436778.jpg,0.0
/home/exjobb/Desktop/Exjobb/venv/DataCollected/IMG0/Image_1652985677468819.jpg,0.0
/home/exjobb/Desktop/Exjobb/venv/DataCollected/IMG0/Image_1652985677504743.jpg,0.0
/home/exjobb/Desktop/Exjobb/venv/DataCollected/IMG0/Image_1652985677536813.jpg,0.0
/home/exjobb/Desktop/Exjobb/venv/DataCollected/IMG0/Image_1652985677568863.jpg,0.0
/home/exjobb/Desktop/Exjobb/venv/DataCollected/IMG0/Image_1652985677604766.jpg,0.0
/home/exjobb/Desktop/Exjobb/venv/DataCollected/IMG0/Image_1652985677637207.jpg,0.0
/home/exjobb/Desktop/Exjobb/venv/DataCollected/IMG0/Image_1652985677668879.jpg,0.0
/home/exjobb/Desktop/Exjobb/venv/DataCollected/IMG0/Image_1652985677704786.jpg,0.0
/home/exjobb/Desktop/Exjobb/venv/DataCollected/IMG0/Image_1652985677736863.jpg,0.0
/home/exjobb/Desktop/Exjobb/venv/DataCollected/IMG0/Image_1652985677768807.jpg,0.0
/home/exjobb/Desktop/Exjobb/venv/DataCollected/IMG0/Image_1652985677804801.jpg,0.0
/home/exjobb/Desktop/Exjobb/venv/DataCollected/IMG0/Image_165298567783753.jpg,0.0
/home/exjobb/Desktop/Exjobb/venv/DataCollected/IMG0/Image_1652985677868859.jpg,0.0
/home/exjobb/Desktop/Exjobb/venv/DataCollected/IMG0/Image_1652985678498212.jpg,0.0
/home/exjobb/Desktop/Exjobb/venv/DataCollected/IMG0/Image_1652985678509575.jpg,0.0
/home/exjobb/Desktop/Exjobb/venv/DataCollected/IMG0/Image_1652985678520712.jpg,0.0
/home/exjobb/Desktop/Exjobb/venv/DataCollected/IMG0/Image_1652985678531911.jpg,0.0
/home/exjobb/Desktop/Exjobb/venv/DataCollected/IMG0/Image_1652985678542625.jpg,0.0
/home/exjobb/Desktop/Exjobb/venv/DataCollected/IMG0/Image_1652985678568228.jpg,0.0
/home/exjobb/Desktop/Exjobb/venv/DataCollected/IMG0/Image_1652985678600784.jpg,0.0
/home/exjobb/Desktop/Exjobb/venv/DataCollected/IMG0/Image_1652985678636635.jpg,0.0
/home/exjobb/Desktop/Exjobb/venv/DataCollected/IMG0/Image_165298567866913.jpg,0.0
/home/exjobb/Desktop/Exjobb/venv/DataCollected/IMG0/Image_1652985678705221.jpg,0.0
/home/exjobb/Desktop/Exjobb/venv/DataCollected/IMG0/Image_1652985678737405.jpg,0.0
/home/exjobb/Desktop/Exjobb/venv/DataCollected/IMG0/Image_1652985678769258.jpg,0.0
/home/exjobb/Desktop/Exjobb/venv/DataCollected/IMG0/Image_1652985678801404.jpg,0.0
/home/exjobb/Desktop/Exjobb/venv/DataCollected/IMG0/Image_1652985678837324.jpg,0.0
/home/exjobb/Desktop/Exjobb/venv/DataCollected/IMG0/Image_165298567886926.jpg,0.0
/home/exjobb/Desktop/Exjobb/venv/DataCollected/IMG0/Image_1652985678904983.jpg,0.0
/home/exjobb/Desktop/Exjobb/venv/DataCollected/IMG0/Image_165298567893703.jpg,0.0
/home/exjobb/Desktop/Exjobb/venv/DataCollected/IMG0/Image_1652985678968993.jpg,0.0
/home/exjobb/Desktop/Exjobb/venv/DataCollected/IMG0/Image_165298567900133.jpg,0.0
/home/exjobb/Desktop/Exjobb/venv/DataCollected/IMG0/Image_1652985679037465.jpg,0.0
/home/exjobb/Desktop/Exjobb/venv/DataCollected/IMG0/Image_1652985679069014.jpg,0.0
/home/exjobb/Desktop/Exjobb/venv/DataCollected/IMG0/Image_1652985679104973.jpg,0.0
/home/exjobb/Desktop/Exjobb/venv/DataCollected/IMG0/Image_1652985679137155.jpg,0.0
/home/exjobb/Desktop/Exjobb/venv/DataCollected/IMG0/Image_165298567916902.jpg,0.0
/home/exjobb/Desktop/Exjobb/venv/DataCollected/IMG0/Image_1652985679201297.jpg,0.0
/home/exjobb/Desktop/Exjobb/venv/DataCollected/IMG0/Image_1652985679237095.jpg,0.0
/home/exjobb/Desktop/Exjobb/venv/DataCollected/IMG0/Image_16529856792697.jpg,0.0
/home/exjobb/Desktop/Exjobb/venv/DataCollected/IMG0/Image_1652985679305321.jpg,0.0
/home/exjobb/Desktop/Exjobb/venv/DataCollected/IMG0/Image_1652985679337497.jpg,0.0
/home/exjobb/Desktop/Exjobb/venv/DataCollected/IMG0/Image_1652985679369388.jpg,0.0
/home/exjobb/Desktop/Exjobb/venv/DataCollected/IMG0/Image_1652985679401482.jpg,0.0
/home/exjobb/Desktop/Exjobb/venv/DataCollected/IMG0/Image_1652985679437433.jpg,0.0
/home/exjobb/Desktop/Exjobb/venv/DataCollected/IMG0/Image_1652985679469555.jpg,0.0
/home/exjobb/Desktop/Exjobb/venv/DataCollected/IMG0/Image_1652985679505764.jpg,0.0
/home/exjobb/Desktop/Exjobb/venv/DataCollected/IMG0/Image_1652985679537826.jpg,0.0
/home/exjobb/Desktop/Exjobb/venv/DataCollected/IMG0/Image_1652985679569784.jpg,0.0
/home/exjobb/Desktop/Exjobb/venv/DataCollected/IMG0/Image_165298567960139.jpg,0.0
/home/exjobb/Desktop/Exjobb/venv/DataCollected/IMG0/Image_1652985679637801.jpg,0.0
/home/exjobb/Desktop/Exjobb/venv/DataCollected/IMG0/Image_1652985679669108.jpg,0.0
/home/exjobb/Desktop/Exjobb/venv/DataCollected/IMG0/Image_1652985679705101.jpg,0.0
/home/exjobb/Desktop/Exjobb/venv/DataCollected/IMG0/Image_1652985679737316.jpg,0.0
/home/exjobb/Desktop/Exjobb/venv/DataCollected/IMG0/Image_1652985679769119.jpg,0.0
/home/exjobb/Desktop/Exjobb/venv/DataCollected/IMG0/Image_1652985679801532.jpg,0.0
/home/exjobb/Desktop/Exjobb/venv/DataCollected/IMG0/Image_1652985679837294.jpg,0.0
/home/exjobb/Desktop/Exjobb/venv/DataCollected/IMG0/Image_1652985679869833.jpg,0.0
/home/exjobb/Desktop/Exjobb/venv/DataCollected/IMG0/Image_1652985679905864.jpg,0.0
/home/exjobb/Desktop/Exjobb/venv/DataCollected/IMG0/Image_1652985679937662.jpg,0.0
/home/exjobb/Desktop/Exjobb/venv/DataCollected/IMG0/Image_1652985679968825.jpg,0.0
/home/exjobb/Desktop/Exjobb/venv/DataCollected/IMG0/Image_1652985680000577.jpg,0.0
/home/exjobb/Desktop/Exjobb/venv/DataCollected/IMG0/Image_1652985680036428.jpg,0.0
/home/exjobb/Desktop/Exjobb/venv/DataCollected/IMG0/Image_1652985680069242.jpg,0.0
/home/exjobb/Desktop/Exjobb/venv/DataCollected/IMG0/Image_1652985680105237.jpg,0.0
/home/exjobb/Desktop/Exjobb/venv/DataCollected/IMG0/Image_1652985680137177.jpg,0.0
/home/exjobb/Desktop/Exjobb/venv/DataCollected/IMG0/Image_1652985680169498.jpg,0.0
/home/exjobb/Desktop/Exjobb/venv/DataCollected/IMG0/Image_1652985680201492.jpg,0.0
/home/exjobb/Desktop/Exjobb/venv/DataCollected/IMG0/Image_1652985680237275.jpg,0.0
/home/exjobb/Desktop/Exjobb/venv/DataCollected/IMG0/Image_1652985680269203.jpg,0.0
/home/exjobb/Desktop/Exjobb/venv/DataCollected/IMG0/Image_1652985680301388.jpg,0.0
/home/exjobb/Desktop/Exjobb/venv/DataCollected/IMG0/Image_1652985680929377.jpg,0.0
/home/exjobb/Desktop/Exjobb/venv/DataCollected/IMG0/Image_165298568093674.jpg,0.0
/home/exjobb/Desktop/Exjobb/venv/DataCollected/IMG0/Image_1652985680944263.jpg,0.0
/home/exjobb/Desktop/Exjobb/venv/DataCollected/IMG0/Image_165298568095145.jpg,0.0
/home/exjobb/Desktop/Exjobb/venv/DataCollected/IMG0/Image_1652985680966677.jpg,0.0
/home/exjobb/Desktop/Exjobb/venv/DataCollected/IMG0/Image_1652985680998553.jpg,0.0
/home/exjobb/Desktop/Exjobb/venv/DataCollected/IMG0/Image_165298568103455.jpg,0.0
/home/exjobb/Desktop/Exjobb/venv/DataCollected/IMG0/Image_1652985681066642.jpg,0.0
/home/exjobb/Desktop/Exjobb/venv/DataCollected/IMG0/Image_1652985681098575.jpg,0.0
/home/exjobb/Desktop/Exjobb/venv/DataCollected/IMG0/Image_1652985681134542.jpg,0.0
/home/exjobb/Desktop/Exjobb/venv/DataCollected/IMG0/Image_1652985681166737.jpg,0.0
/home/exjobb/Desktop/Exjobb/venv/DataCollected/IMG0/Image_1652985681198564.jpg,0.0
/home/exjobb/Desktop/Exjobb/venv/DataCollected/IMG0/Image_1652985681234666.jpg,0.0
/home/exjobb/Desktop/Exjobb/venv/DataCollected/IMG0/Image_1652985681266715.jpg,0.0
/home/exjobb/Desktop/Exjobb/venv/DataCollected/IMG0/Image_1652985681298615.jpg,0.0
/home/exjobb/Desktop/Exjobb/venv/DataCollected/IMG0/Image_1652985681334603.jpg,0.0
/home/exjobb/Desktop/Exjobb/venv/DataCollected/IMG0/Image_1652985681423892.jpg,0.0
/home/exjobb/Desktop/Exjobb/venv/DataCollected/IMG0/Image_1652985681431354.jpg,0.0
/home/exjobb/Desktop/Exjobb/venv/DataCollected/IMG0/Image_1652985681438788.jpg,0.0
/home/exjobb/Desktop/Exjobb/venv/DataCollected/IMG0/Image_1652985681471114.jpg,0.0
/home/exjobb/Desktop/Exjobb/venv/DataCollected/IMG0/Image_1652985682105525.jpg,0.0
/home/exjobb/Desktop/Exjobb/venv/DataCollected/IMG0/Image_1652985682742574.jpg,0.0
/home/exjobb/Desktop/Exjobb/venv/DataCollected/IMG0/Image_1652985683380235.jpg,0.0
/home/exjobb/Desktop/Exjobb/venv/DataCollected/IMG0/Image_165298568339708.jpg,0.0
/home/exjobb/Desktop/Exjobb/venv/DataCollected/IMG0/Image_165298568341277.jpg,0.0
/home/exjobb/Desktop/Exjobb/venv/DataCollected/IMG0/Image_1652985683428958.jpg,0.0
/home/exjobb/Desktop/Exjobb/venv/DataCollected/IMG0/Image_165298568344472.jpg,0.0
/home/exjobb/Desktop/Exjobb/venv/DataCollected/IMG0/Image_1652985729373624.jpg,0.0
/home/exjobb/Desktop/Exjobb/venv/DataCollected/IMG0/Image_1652985729383826.jpg,0.0
/home/exjobb/Desktop/Exjobb/venv/DataCollected/IMG0/Image_1652985729392236.jpg,0.0
/home/exjobb/Desktop/Exjobb/venv/DataCollected/IMG0/Image_1652985729399494.jpg,0.0
/home/exjobb/Desktop/Exjobb/venv/DataCollected/IMG0/Image_1652985729433624.jpg,0.0
/home/exjobb/Desktop/Exjobb/venv/DataCollected/IMG0/Image_1652985729470284.jpg,0.0
/home/exjobb/Desktop/Exjobb/venv/DataCollected/IMG0/Image_1652985729501634.jpg,0.0
/home/exjobb/Desktop/Exjobb/venv/DataCollected/IMG0/Image_165298572953365.jpg,0.0
/home/exjobb/Desktop/Exjobb/venv/DataCollected/IMG0/Image_1652985729569609.jpg,0.0
/home/exjobb/Desktop/Exjobb/venv/DataCollected/IMG0/Image_1652985729602048.jpg,0.0
/home/exjobb/Desktop/Exjobb/venv/DataCollected/IMG0/Image_1652985729634078.jpg,0.0
/home/exjobb/Desktop/Exjobb/venv/DataCollected/IMG0/Image_1652985729669689.jpg,0.0
/home/exjobb/Desktop/Exjobb/venv/DataCollected/IMG0/Image_165298572970168.jpg,0.0
/home/exjobb/Desktop/Exjobb/venv/DataCollected/IMG0/Image_165298572973366.jpg,0.0
/home/exjobb/Desktop/Exjobb/venv/DataCollected/IMG0/Image_165298572977006.jpg,0.0
/home/exjobb/Desktop/Exjobb/venv/DataCollected/IMG0/Image_1652985729801663.jpg,0.02
/home/exjobb/Desktop/Exjobb/venv/DataCollected/IMG0/Image_1652985731854833.jpg,0.02
/home/exjobb/Desktop/Exjobb/venv/DataCollected/IMG0/Image_1652985733912046.jpg,0.02
/home/exjobb/Desktop/Exjobb/venv/DataCollected/IMG0/Image_1652985735965186.jpg,0.02
/home/exjobb/Desktop/Exjobb/venv/DataCollected/IMG0/Image_1652985738022265.jpg,0.02
/home/exjobb/Desktop/Exjobb/venv/DataCollected/IMG0/Image_1652985740077352.jpg,0.02
/home/exjobb/Desktop/Exjobb/venv/DataCollected/IMG0/Image_1652985742124055.jpg,0.02
/home/exjobb/Desktop/Exjobb/venv/DataCollected/IMG0/Image_1652985744172361.jpg,0.02
/home/exjobb/Desktop/Exjobb/venv/DataCollected/IMG0/Image_1652985746219156.jpg,0.02
/home/exjobb/Desktop/Exjobb/venv/DataCollected/IMG0/Image_1652985748265633.jpg,0.02
/home/exjobb/Desktop/Exjobb/venv/DataCollected/IMG0/Image_1652985750312899.jpg,0.02
/home/exjobb/Desktop/Exjobb/venv/DataCollected/IMG0/Image_1652985752359739.jpg,0.02
/home/exjobb/Desktop/Exjobb/venv/DataCollected/IMG0/Image_1652985754405753.jpg,0.02
/home/exjobb/Desktop/Exjobb/venv/DataCollected/IMG0/Image_1652985756454693.jpg,0.02
/home/exjobb/Desktop/Exjobb/venv/DataCollected/IMG0/Image_1652985758503863.jpg,0.02
/home/exjobb/Desktop/Exjobb/venv/DataCollected/IMG0/Image_1652985760550344.jpg,0.0
/home/exjobb/Desktop/Exjobb/venv/DataCollected/IMG0/Image_1652985760564987.jpg,0.0
/home/exjobb/Desktop/Exjobb/venv/DataCollected/IMG0/Image_1652985760579253.jpg,0.0
/home/exjobb/Desktop/Exjobb/venv/DataCollected/IMG0/Image_1652985760594173.jpg,0.0
/home/exjobb/Desktop/Exjobb/venv/DataCollected/IMG0/Image_165298576060829.jpg,0.0
/home/exjobb/Desktop/Exjobb/venv/DataCollected/IMG0/Image_1652985760634127.jpg,0.0
/home/exjobb/Desktop/Exjobb/venv/DataCollected/IMG0/Image_1652985760670229.jpg,0.0
/home/exjobb/Desktop/Exjobb/venv/DataCollected/IMG0/Image_1652985760702061.jpg,0.0
/home/exjobb/Desktop/Exjobb/venv/DataCollected/IMG0/Image_1652985760734264.jpg,0.0
/home/exjobb/Desktop/Exjobb/venv/DataCollected/IMG0/Image_1652985760770104.jpg,0.0
/home/exjobb/Desktop/Exjobb/venv/DataCollected/IMG0/Image_1652985760802056.jpg,0.0
/home/exjobb/Desktop/Exjobb/venv/DataCollected/IMG0/Image_1652985760834262.jpg,0.0
/home/exjobb/Desktop/Exjobb/venv/DataCollected/IMG0/Image_165298576087006.jpg,0.0
/home/exjobb/Desktop/Exjobb/venv/DataCollected/IMG0/Image_1652985760902334.jpg,0.0
/home/exjobb/Desktop/Exjobb/venv/DataCollected/IMG0/Image_1652985760934376.jpg,0.0
/home/exjobb/Desktop/Exjobb/venv/DataCollected/IMG0/Image_1652985760970064.jpg,0.0
/home/exjobb/Desktop/Exjobb/venv/DataCollected/IMG0/Image_1652985761002168.jpg,0.0
/home/exjobb/Desktop/Exjobb/venv/DataCollected/IMG0/Image_1652985761034337.jpg,0.0
/home/exjobb/Desktop/Exjobb/venv/DataCollected/IMG0/Image_1652985761070079.jpg,0.0
/home/exjobb/Desktop/Exjobb/venv/DataCollected/IMG0/Image_1652985761102124.jpg,0.0
/home/exjobb/Desktop/Exjobb/venv/DataCollected/IMG0/Image_1652985761134258.jpg,0.0
/home/exjobb/Desktop/Exjobb/venv/DataCollected/IMG0/Image_1652985761170138.jpg,0.0
/home/exjobb/Desktop/Exjobb/venv/DataCollected/IMG0/Image_1652985761202599.jpg,0.0
/home/exjobb/Desktop/Exjobb/venv/DataCollected/IMG0/Image_1652985761234204.jpg,0.0
/home/exjobb/Desktop/Exjobb/venv/DataCollected/IMG0/Image_1652985761270137.jpg,0.0
/home/exjobb/Desktop/Exjobb/venv/DataCollected/IMG0/Image_165298576130228.jpg,0.0
/home/exjobb/Desktop/Exjobb/venv/DataCollected/IMG0/Image_1652985761336006.jpg,0.0
/home/exjobb/Desktop/Exjobb/venv/DataCollected/IMG0/Image_1652985761373952.jpg,0.0
/home/exjobb/Desktop/Exjobb/venv/DataCollected/IMG0/Image_165298576140625.jpg,0.0
/home/exjobb/Desktop/Exjobb/venv/DataCollected/IMG0/Image_1652985761437638.jpg,0.0
/home/exjobb/Desktop/Exjobb/venv/DataCollected/IMG0/Image_1652985761473077.jpg,0.0
/home/exjobb/Desktop/Exjobb/venv/DataCollected/IMG0/Image_1652985761505394.jpg,0.0
/home/exjobb/Desktop/Exjobb/venv/DataCollected/IMG0/Image_165298576153748.jpg,0.0
/home/exjobb/Desktop/Exjobb/venv/DataCollected/IMG0/Image_1652985761573464.jpg,0.0
/home/exjobb/Desktop/Exjobb/venv/DataCollected/IMG0/Image_1652985761605808.jpg,0.0
/home/exjobb/Desktop/Exjobb/venv/DataCollected/IMG0/Image_1652985761637494.jpg,0.0
/home/exjobb/Desktop/Exjobb/venv/DataCollected/IMG0/Image_1652985761673387.jpg,0.0
/home/exjobb/Desktop/Exjobb/venv/DataCollected/IMG0/Image_1652985761705381.jpg,0.0
/home/exjobb/Desktop/Exjobb/venv/DataCollected/IMG0/Image_1652985761737552.jpg,0.0
/home/exjobb/Desktop/Exjobb/venv/DataCollected/IMG0/Image_1652985761773546.jpg,0.0
/home/exjobb/Desktop/Exjobb/venv/DataCollected/IMG0/Image_1652985761805477.jpg,0.0
/home/exjobb/Desktop/Exjobb/venv/DataCollected/IMG0/Image_1652985761837634.jpg,0.0
/home/exjobb/Desktop/Exjobb/venv/DataCollected/IMG0/Image_165298576186952.jpg,0.0
/home/exjobb/Desktop/Exjobb/venv/DataCollected/IMG0/Image_1652985761905426.jpg,0.0
/home/exjobb/Desktop/Exjobb/venv/DataCollected/IMG0/Image_1652985761937659.jpg,0.0
/home/exjobb/Desktop/Exjobb/venv/DataCollected/IMG0/Image_1652985761973339.jpg,0.0
/home/exjobb/Desktop/Exjobb/venv/DataCollected/IMG0/Image_1652985762005265.jpg,0.0
/home/exjobb/Desktop/Exjobb/venv/DataCollected/IMG0/Image_1652985762037568.jpg,0.0
/home/exjobb/Desktop/Exjobb/venv/DataCollected/IMG0/Image_165298576206961.jpg,0.0
/home/exjobb/Desktop/Exjobb/venv/DataCollected/IMG0/Image_1652985762105235.jpg,0.0
/home/exjobb/Desktop/Exjobb/venv/DataCollected/IMG0/Image_1652985762736104.jpg,0.0
/home/exjobb/Desktop/Exjobb/venv/DataCollected/IMG0/Image_1652985762743835.jpg,0.0
/home/exjobb/Desktop/Exjobb/venv/DataCollected/IMG0/Image_1652985762750916.jpg,0.0
/home/exjobb/Desktop/Exjobb/venv/DataCollected/IMG0/Image_1652985762758169.jpg,0.0
/home/exjobb/Desktop/Exjobb/venv/DataCollected/IMG0/Image_1652985762770349.jpg,0.0
/home/exjobb/Desktop/Exjobb/venv/DataCollected/IMG0/Image_1652985762802687.jpg,0.0
/home/exjobb/Desktop/Exjobb/venv/DataCollected/IMG0/Image_1652985762834577.jpg,0.0
/home/exjobb/Desktop/Exjobb/venv/DataCollected/IMG0/Image_1652985762866464.jpg,0.0
/home/exjobb/Desktop/Exjobb/venv/DataCollected/IMG0/Image_1652985762902505.jpg,0.0
/home/exjobb/Desktop/Exjobb/venv/DataCollected/IMG0/Image_1652985762934466.jpg,0.0
/home/exjobb/Desktop/Exjobb/venv/DataCollected/IMG0/Image_1652985762970584.jpg,0.0
/home/exjobb/Desktop/Exjobb/venv/DataCollected/IMG0/Image_1652985763002503.jpg,0.0
/home/exjobb/Desktop/Exjobb/venv/DataCollected/IMG0/Image_1652985763034416.jpg,0.0
/home/exjobb/Desktop/Exjobb/venv/DataCollected/IMG0/Image_1652985763066619.jpg,0.0
/home/exjobb/Desktop/Exjobb/venv/DataCollected/IMG0/Image_1652985763102427.jpg,0.0
/home/exjobb/Desktop/Exjobb/venv/DataCollected/IMG0/Image_1652985763134455.jpg,0.0
/home/exjobb/Desktop/Exjobb/venv/DataCollected/IMG0/Image_1652985763170383.jpg,0.0
/home/exjobb/Desktop/Exjobb/venv/DataCollected/IMG0/Image_165298576320237.jpg,0.0
/home/exjobb/Desktop/Exjobb/venv/DataCollected/IMG0/Image_1652985763234451.jpg,0.0
/home/exjobb/Desktop/Exjobb/venv/DataCollected/IMG0/Image_1652985763270764.jpg,0.0
/home/exjobb/Desktop/Exjobb/venv/DataCollected/IMG0/Image_1652985763306348.jpg,0.0
/home/exjobb/Desktop/Exjobb/venv/DataCollected/IMG0/Image_1652985763338259.jpg,0.0
/home/exjobb/Desktop/Exjobb/venv/DataCollected/IMG0/Image_1652985763373739.jpg,0.0
/home/exjobb/Desktop/Exjobb/venv/DataCollected/IMG0/Image_1652985763405387.jpg,0.0
/home/exjobb/Desktop/Exjobb/venv/DataCollected/IMG0/Image_1652985763437804.jpg,0.0
/home/exjobb/Desktop/Exjobb/venv/DataCollected/IMG0/Image_1652985763469438.jpg,0.0
/home/exjobb/Desktop/Exjobb/venv/DataCollected/IMG0/Image_1652985763505351.jpg,0.0
/home/exjobb/Desktop/Exjobb/venv/DataCollected/IMG0/Image_1652985763537707.jpg,0.0
/home/exjobb/Desktop/Exjobb/venv/DataCollected/IMG0/Image_1652985763573666.jpg,0.0
/home/exjobb/Desktop/Exjobb/venv/DataCollected/IMG0/Image_1652985763605363.jpg,0.0
/home/exjobb/Desktop/Exjobb/venv/DataCollected/IMG0/Image_1652985763637628.jpg,0.0
/home/exjobb/Desktop/Exjobb/venv/DataCollected/IMG0/Image_1652985763669438.jpg,0.0
/home/exjobb/Desktop/Exjobb/venv/DataCollected/IMG0/Image_1652985763705637.jpg,0.0
/home/exjobb/Desktop/Exjobb/venv/DataCollected/IMG0/Image_1652985763738077.jpg,0.0
/home/exjobb/Desktop/Exjobb/venv/DataCollected/IMG0/Image_1652985763773498.jpg,0.0
/home/exjobb/Desktop/Exjobb/venv/DataCollected/IMG0/Image_1652985763805609.jpg,0.0
/home/exjobb/Desktop/Exjobb/venv/DataCollected/IMG0/Image_1652985763837742.jpg,0.0
/home/exjobb/Desktop/Exjobb/venv/DataCollected/IMG0/Image_1652985763869591.jpg,0.0
/home/exjobb/Desktop/Exjobb/venv/DataCollected/IMG0/Image_1652985763905743.jpg,0.0
/home/exjobb/Desktop/Exjobb/venv/DataCollected/IMG0/Image_1652985763937575.jpg,0.0
/home/exjobb/Desktop/Exjobb/venv/DataCollected/IMG0/Image_1652985763969823.jpg,0.0
/home/exjobb/Desktop/Exjobb/venv/DataCollected/IMG0/Image_1652985764005719.jpg,0.0
/home/exjobb/Desktop/Exjobb/venv/DataCollected/IMG0/Image_1652985764037655.jpg,0.0
/home/exjobb/Desktop/Exjobb/venv/DataCollected/IMG0/Image_1652985764069743.jpg,0.0
/home/exjobb/Desktop/Exjobb/venv/DataCollected/IMG0/Image_1652985764105914.jpg,0.0
/home/exjobb/Desktop/Exjobb/venv/DataCollected/IMG0/Image_1652985764137485.jpg,0.0
/home/exjobb/Desktop/Exjobb/venv/DataCollected/IMG0/Image_1652985764169924.jpg,0.0
/home/exjobb/Desktop/Exjobb/venv/DataCollected/IMG0/Image_1652985764205535.jpg,0.0
/home/exjobb/Desktop/Exjobb/venv/DataCollected/IMG0/Image_165298576423764.jpg,0.0
/home/exjobb/Desktop/Exjobb/venv/DataCollected/IMG0/Image_1652985764270085.jpg,0.0
/home/exjobb/Desktop/Exjobb/venv/DataCollected/IMG0/Image_1652985764305992.jpg,0.0
/home/exjobb/Desktop/Exjobb/venv/DataCollected/IMG0/Image_1652985764337744.jpg,0.0
/home/exjobb/Desktop/Exjobb/venv/DataCollected/IMG0/Image_1652985764370201.jpg,0.0
/home/exjobb/Desktop/Exjobb/venv/DataCollected/IMG0/Image_1652985764405492.jpg,0.0
/home/exjobb/Desktop/Exjobb/venv/DataCollected/IMG0/Image_1652985764438051.jpg,0.0
/home/exjobb/Desktop/Exjobb/venv/DataCollected/IMG0/Image_1652985764469754.jpg,0.0
/home/exjobb/Desktop/Exjobb/venv/DataCollected/IMG0/Image_1652985764505728.jpg,0.0
/home/exjobb/Desktop/Exjobb/venv/DataCollected/IMG0/Image_165298576453826.jpg,0.0
/home/exjobb/Desktop/Exjobb/venv/DataCollected/IMG0/Image_1652985764569025.jpg,0.0
/home/exjobb/Desktop/Exjobb/venv/DataCollected/IMG0/Image_165298576460495.jpg,0.0
/home/exjobb/Desktop/Exjobb/venv/DataCollected/IMG0/Image_1652985764637778.jpg,0.0
/home/exjobb/Desktop/Exjobb/venv/DataCollected/IMG0/Image_1652985764669927.jpg,0.0
/home/exjobb/Desktop/Exjobb/venv/DataCollected/IMG0/Image_1652985764705769.jpg,0.0
/home/exjobb/Desktop/Exjobb/venv/DataCollected/IMG0/Image_1652985764738192.jpg,0.0
/home/exjobb/Desktop/Exjobb/venv/DataCollected/IMG0/Image_1652985764770135.jpg,0.0
/home/exjobb/Desktop/Exjobb/venv/DataCollected/IMG0/Image_1652985764805932.jpg,0.0
/home/exjobb/Desktop/Exjobb/venv/DataCollected/IMG0/Image_1652985764837788.jpg,0.0
/home/exjobb/Desktop/Exjobb/venv/DataCollected/IMG0/Image_1652985764869975.jpg,0.0
/home/exjobb/Desktop/Exjobb/venv/DataCollected/IMG0/Image_1652985764906638.jpg,0.0
/home/exjobb/Desktop/Exjobb/venv/DataCollected/IMG0/Image_1652985764937959.jpg,0.0
/home/exjobb/Desktop/Exjobb/venv/DataCollected/IMG0/Image_1652985764969291.jpg,0.0
/home/exjobb/Desktop/Exjobb/venv/DataCollected/IMG0/Image_1652985765005767.jpg,0.0
/home/exjobb/Desktop/Exjobb/venv/DataCollected/IMG0/Image_165298576503753.jpg,0.0
/home/exjobb/Desktop/Exjobb/venv/DataCollected/IMG0/Image_165298576506999.jpg,0.0
/home/exjobb/Desktop/Exjobb/venv/DataCollected/IMG0/Image_1652985765105838.jpg,0.0
/home/exjobb/Desktop/Exjobb/venv/DataCollected/IMG0/Image_1652985765137933.jpg,0.0
/home/exjobb/Desktop/Exjobb/venv/DataCollected/IMG0/Image_1652985765170037.jpg,0.0
/home/exjobb/Desktop/Exjobb/venv/DataCollected/IMG0/Image_1652985765206506.jpg,0.0
/home/exjobb/Desktop/Exjobb/venv/DataCollected/IMG0/Image_1652985765237922.jpg,0.0
/home/exjobb/Desktop/Exjobb/venv/DataCollected/IMG0/Image_1652985765270059.jpg,0.0
/home/exjobb/Desktop/Exjobb/venv/DataCollected/IMG0/Image_1652985765305958.jpg,0.0
/home/exjobb/Desktop/Exjobb/venv/DataCollected/IMG0/Image_1652985765342537.jpg,0.0
/home/exjobb/Desktop/Exjobb/venv/DataCollected/IMG0/Image_1652985765369187.jpg,0.0
/home/exjobb/Desktop/Exjobb/venv/DataCollected/IMG0/Image_1652985765405136.jpg,0.0
/home/exjobb/Desktop/Exjobb/venv/DataCollected/IMG0/Image_1652985765437159.jpg,0.0
/home/exjobb/Desktop/Exjobb/venv/DataCollected/IMG0/Image_1652985765470259.jpg,0.0
/home/exjobb/Desktop/Exjobb/venv/DataCollected/IMG0/Image_1652985765506323.jpg,0.0
/home/exjobb/Desktop/Exjobb/venv/DataCollected/IMG0/Image_1652985765538009.jpg,0.0
/home/exjobb/Desktop/Exjobb/venv/DataCollected/IMG0/Image_1652985765570962.jpg,0.0
/home/exjobb/Desktop/Exjobb/venv/DataCollected/IMG0/Image_165298576560724.jpg,0.0
/home/exjobb/Desktop/Exjobb/venv/DataCollected/IMG0/Image_1652985765638589.jpg,0.0
/home/exjobb/Desktop/Exjobb/venv/DataCollected/IMG0/Image_1652985765666928.jpg,0.0
/home/exjobb/Desktop/Exjobb/venv/DataCollected/IMG0/Image_1652985765703327.jpg,0.0
/home/exjobb/Desktop/Exjobb/venv/DataCollected/IMG0/Image_1652985765734942.jpg,0.0
/home/exjobb/Desktop/Exjobb/venv/DataCollected/IMG0/Image_1652985765767363.jpg,0.0
/home/exjobb/Desktop/Exjobb/venv/DataCollected/IMG0/Image_1652985765803733.jpg,0.0
/home/exjobb/Desktop/Exjobb/venv/DataCollected/IMG0/Image_1652985765835087.jpg,0.0
/home/exjobb/Desktop/Exjobb/venv/DataCollected/IMG0/Image_1652985765867277.jpg,0.0
/home/exjobb/Desktop/Exjobb/venv/DataCollected/IMG0/Image_165298576590294.jpg,0.0
/home/exjobb/Desktop/Exjobb/venv/DataCollected/IMG0/Image_1652985765935094.jpg,0.0
/home/exjobb/Desktop/Exjobb/venv/DataCollected/IMG0/Image_1652985765967502.jpg,0.0
/home/exjobb/Desktop/Exjobb/venv/DataCollected/IMG0/Image_1652985766002913.jpg,0.0
/home/exjobb/Desktop/Exjobb/venv/DataCollected/IMG0/Image_165298576603512.jpg,0.0
/home/exjobb/Desktop/Exjobb/venv/DataCollected/IMG0/Image_1652985766067026.jpg,0.0
/home/exjobb/Desktop/Exjobb/venv/DataCollected/IMG0/Image_1652985766103359.jpg,0.0
/home/exjobb/Desktop/Exjobb/venv/DataCollected/IMG0/Image_1652985766135279.jpg,0.0
/home/exjobb/Desktop/Exjobb/venv/DataCollected/IMG0/Image_165298576616719.jpg,0.0
/home/exjobb/Desktop/Exjobb/venv/DataCollected/IMG0/Image_1652985766203116.jpg,0.0
/home/exjobb/Desktop/Exjobb/venv/DataCollected/IMG0/Image_1652985766235182.jpg,0.0
/home/exjobb/Desktop/Exjobb/venv/DataCollected/IMG0/Image_1652985766267186.jpg,0.0
/home/exjobb/Desktop/Exjobb/venv/DataCollected/IMG0/Image_1652985766303063.jpg,0.0
/home/exjobb/Desktop/Exjobb/venv/DataCollected/IMG0/Image_1652985766334998.jpg,0.0
/home/exjobb/Desktop/Exjobb/venv/DataCollected/IMG0/Image_1652985766370798.jpg,0.0
/home/exjobb/Desktop/Exjobb/venv/DataCollected/IMG0/Image_1652985766407074.jpg,0.0
/home/exjobb/Desktop/Exjobb/venv/DataCollected/IMG0/Image_1652985766438827.jpg,0.0
/home/exjobb/Desktop/Exjobb/venv/DataCollected/IMG0/Image_1652985766469912.jpg,0.0
/home/exjobb/Desktop/Exjobb/venv/DataCollected/IMG0/Image_1652985766505922.jpg,0.0
/home/exjobb/Desktop/Exjobb/venv/DataCollected/IMG0/Image_1652985766537868.jpg,0.0
/home/exjobb/Desktop/Exjobb/venv/DataCollected/IMG0/Image_1652985766570297.jpg,0.0
/home/exjobb/Desktop/Exjobb/venv/DataCollected/IMG0/Image_1652985766606034.jpg,0.0
/home/exjobb/Desktop/Exjobb/venv/DataCollected/IMG0/Image_1652985766637926.jpg,0.0
/home/exjobb/Desktop/Exjobb/venv/DataCollected/IMG0/Image_1652985766669958.jpg,0.0
/home/exjobb/Desktop/Exjobb/venv/DataCollected/IMG0/Image_1652985766705977.jpg,0.0
/home/exjobb/Desktop/Exjobb/venv/DataCollected/IMG0/Image_1652985766737895.jpg,0.0
/home/exjobb/Desktop/Exjobb/venv/DataCollected/IMG0/Image_1652985766770006.jpg,0.0
/home/exjobb/Desktop/Exjobb/venv/DataCollected/IMG0/Image_1652985766806163.jpg,0.0
/home/exjobb/Desktop/Exjobb/venv/DataCollected/IMG0/Image_1652985767440009.jpg,0.0
/home/exjobb/Desktop/Exjobb/venv/DataCollected/IMG0/Image_1652985767447557.jpg,0.0
/home/exjobb/Desktop/Exjobb/venv/DataCollected/IMG0/Image_1652985767454704.jpg,0.0
/home/exjobb/Desktop/Exjobb/venv/DataCollected/IMG0/Image_1652985767461729.jpg,0.0
/home/exjobb/Desktop/Exjobb/venv/DataCollected/IMG0/Image_165298576750322.jpg,0.0
/home/exjobb/Desktop/Exjobb/venv/DataCollected/IMG0/Image_1652985767535442.jpg,0.0
/home/exjobb/Desktop/Exjobb/venv/DataCollected/IMG0/Image_1652985767567152.jpg,0.0
/home/exjobb/Desktop/Exjobb/venv/DataCollected/IMG0/Image_1652985767603029.jpg,0.0
/home/exjobb/Desktop/Exjobb/venv/DataCollected/IMG0/Image_1652985767635201.jpg,0.0
/home/exjobb/Desktop/Exjobb/venv/DataCollected/IMG0/Image_165298576766717.jpg,0.0
/home/exjobb/Desktop/Exjobb/venv/DataCollected/IMG0/Image_1652985767703176.jpg,0.0
/home/exjobb/Desktop/Exjobb/venv/DataCollected/IMG0/Image_1652985767735291.jpg,0.0
/home/exjobb/Desktop/Exjobb/venv/DataCollected/IMG0/Image_1652985767767262.jpg,0.0
/home/exjobb/Desktop/Exjobb/venv/DataCollected/IMG0/Image_1652985768405099.jpg,0.0
/home/exjobb/Desktop/Exjobb/venv/DataCollected/IMG0/Image_1652985768419684.jpg,0.0
/home/exjobb/Desktop/Exjobb/venv/DataCollected/IMG0/Image_1652985768434328.jpg,0.0
/home/exjobb/Desktop/Exjobb/venv/DataCollected/IMG0/Image_1652985768448902.jpg,0.0
/home/exjobb/Desktop/Exjobb/venv/DataCollected/IMG0/Image_1652985768462876.jpg,0.0
/home/exjobb/Desktop/Exjobb/venv/DataCollected/IMG0/Image_1652985768472523.jpg,0.0
/home/exjobb/Desktop/Exjobb/venv/DataCollected/IMG0/Image_1652985768503182.jpg,0.0
/home/exjobb/Desktop/Exjobb/venv/DataCollected/IMG0/Image_1652985768535305.jpg,0.0
/home/exjobb/Desktop/Exjobb/venv/DataCollected/IMG0/Image_1652985768567319.jpg,0.0
/home/exjobb/Desktop/Exjobb/venv/DataCollected/IMG0/Image_1652985768603242.jpg,0.0
/home/exjobb/Desktop/Exjobb/venv/DataCollected/IMG0/Image_1652985768635488.jpg,0.0
/home/exjobb/Desktop/Exjobb/venv/DataCollected/IMG0/Image_1652985768667333.jpg,0.0
/home/exjobb/Desktop/Exjobb/venv/DataCollected/IMG0/Image_1652985768703312.jpg,0.0
/home/exjobb/Desktop/Exjobb/venv/DataCollected/IMG0/Image_1652985768735315.jpg,0.0
/home/exjobb/Desktop/Exjobb/venv/DataCollected/IMG0/Image_1652985768767588.jpg,0.0
/home/exjobb/Desktop/Exjobb/venv/DataCollected/IMG0/Image_1652985768803355.jpg,0.0
/home/exjobb/Desktop/Exjobb/venv/DataCollected/IMG0/Image_1652985768835665.jpg,0.0
/home/exjobb/Desktop/Exjobb/venv/DataCollected/IMG0/Image_1652985768867385.jpg,0.0
/home/exjobb/Desktop/Exjobb/venv/DataCollected/IMG0/Image_1652985768903636.jpg,0.0
/home/exjobb/Desktop/Exjobb/venv/DataCollected/IMG0/Image_165298576893575.jpg,0.0
/home/exjobb/Desktop/Exjobb/venv/DataCollected/IMG0/Image_1652985768967555.jpg,0.0
/home/exjobb/Desktop/Exjobb/venv/DataCollected/IMG0/Image_1652985769003424.jpg,0.0
/home/exjobb/Desktop/Exjobb/venv/DataCollected/IMG0/Image_1652985769035517.jpg,0.0
/home/exjobb/Desktop/Exjobb/venv/DataCollected/IMG0/Image_1652985769675539.jpg,0.0
/home/exjobb/Desktop/Exjobb/venv/DataCollected/IMG0/Image_1652985769689636.jpg,0.0
/home/exjobb/Desktop/Exjobb/venv/DataCollected/IMG0/Image_1652985769702881.jpg,0.0
/home/exjobb/Desktop/Exjobb/venv/DataCollected/IMG0/Image_1652985769715361.jpg,0.0
/home/exjobb/Desktop/Exjobb/venv/DataCollected/IMG0/Image_165298576973977.jpg,0.0
/home/exjobb/Desktop/Exjobb/venv/DataCollected/IMG0/Image_1652985769771981.jpg,0.0
/home/exjobb/Desktop/Exjobb/venv/DataCollected/IMG0/Image_1652985769803539.jpg,0.0
/home/exjobb/Desktop/Exjobb/venv/DataCollected/IMG0/Image_1652985769835776.jpg,0.0
/home/exjobb/Desktop/Exjobb/venv/DataCollected/IMG0/Image_1652985769868053.jpg,0.0
/home/exjobb/Desktop/Exjobb/venv/DataCollected/IMG0/Image_1652985769903573.jpg,0.0
/home/exjobb/Desktop/Exjobb/venv/DataCollected/IMG0/Image_1652985769935626.jpg,0.0
/home/exjobb/Desktop/Exjobb/venv/DataCollected/IMG0/Image_1652985769968221.jpg,0.0
/home/exjobb/Desktop/Exjobb/venv/DataCollected/IMG0/Image_1652985770003456.jpg,0.0
/home/exjobb/Desktop/Exjobb/venv/DataCollected/IMG0/Image_1652985770035476.jpg,0.0
/home/exjobb/Desktop/Exjobb/venv/DataCollected/IMG0/Image_1652985770067489.jpg,0.0
/home/exjobb/Desktop/Exjobb/venv/DataCollected/IMG0/Image_1652985770698184.jpg,0.0
/home/exjobb/Desktop/Exjobb/venv/DataCollected/IMG0/Image_165298577141117.jpg,0.0
